4453436564;No
1054645654;No
394535235;No
1754353450;No
20242343543;No
193536987435;No
60676655364;No
17456546435;No
40543543534;No
20352543543;No
6546443245367;No
20645487576344;No
396549786567546;No
43523254564;No
75646435325;No
67574534534;No
20352543543;No
6534435345;No
1754353450;No
675324876453;No
4453436564;No
60676655364;No
1054645654;No
20242343543;No
6545534543;No
76543523432;No
17456546435;No
40234532432;No
2064547864345;No
65343543324;No
40543543534;No
394535235;No
564644765443;No
39345234325;No
43523254564;No
76564676535425;No
87686887565435;No
2056567567;No
5643523432;No
40765643532;No
654644765234;No
6054654254;No
65463455435;No
4093082899;Yes
5915587277;Yes
99765523554;No
4093082899;Yes
45435376573243;No
65323607653;Yes
1934348767657;Yes
